GenerationNum,AverageFitness,HighestFitness
1,-27.45609,184.5917
2,1.982092,150.3361
3,43.59694,626.7384
4,-51.35717,193.8267
